PHAZIRref,SpeciesID,SampleID,ASDref,step,MC
1,1090ACAA,0.1148,Low,1,0.1148429
2,1090ACLA,0.2246,Low,2,3.395
3,1090AALA,0,NoAC,3,0
4,5050ACAA,0.5081,Medium,4,0.5080608
5,5050ACLA,0.8454,Medium,5,0.8454
6,5050AALA,0.7617,Medium,0,0
7,9010ACAA,0.9145,High,7,0.9145
8,9010ACLA,1.0241,High,8,1.0241
9,9010AALA,0.9939,High,9,0
10,100AC,1.1378,High,10,1.1378
11,100AA,0,NoAC,11,0
12,100LA,0,NoAC,12,0
